,Major,Minor,Biology of the Cell,Molecular Biology,Evolution,Biochemistry,Neurobiology,Animal Behavior,Genetics,Bioinformatics,Quantum Mechanics,Thermodynamics,Classical Mechanics,Programming for Physics,Linear Algebra for the Sciences,Complex Systems,Material Science,Nanotechnologies,Robotics,Calculus I,Calculus II,Probability I,Probability II,Statistics I,Statistics II,Linear Algebra,Geometry,Programming for Mathematics,Programming Introduction,Algorithms,Software Engineering,Programming in C++,Numerical Methods,Data Science,Machine Learning,Artificial Inteligence,Ecology,Chemical Geology,Physical Geology,Glaciology,Tectonics,Weather Systems
Vanessa Harris,Computer Science,,False,False,False,False,False,False,False,False,False,False,False,False,False,False,False,False,False,False,False,False,False,False,False,False,False,False,False,False,True,True,False,True,True,True,False,False,False,False,False,False
James Toliver,Computer Science,,False,False,False,False,False,False,False,False,False,False,False,False,False,False,False,False,False,False,False,False,False,False,False,False,False,False,True,False,False,True,False,True,True,True,False,False,False,False,False,False
Carol Tyer,Computer Science,,False,False,False,False,False,False,False,False,False,False,False,False,False,False,False,False,False,False,False,False,False,False,False,False,False,False,True,True,False,True,False,True,True,False,False,False,False,False,False,False
Brooke Masters,Computer Science,,False,False,False,False,False,False,False,False,False,False,False,False,False,False,False,False,False,False,False,False,False,False,False,False,False,False,True,True,False,True,True,False,False,True,False,False,False,False,False,False
Maria Cope,Math,,False,False,False,False,False,False,False,False,False,False,False,False,False,False,False,False,False,True,False,True,False,True,False,True,False,True,False,False,False,False,False,False,False,False,False,False,False,False,False,False
Harold Ray,Biology,Computer Science,True,False,False,True,False,False,True,False,False,False,False,False,False,False,False,False,False,False,False,False,False,False,False,False,False,False,False,False,False,True,False,False,False,True,False,False,False,False,False,False
Dorothy Sadler,Math,,False,False,False,False,False,False,False,False,False,False,False,False,False,False,False,False,False,True,False,True,True,True,False,False,False,True,False,False,False,False,False,False,False,False,False,False,False,False,False,False
Allen Previte,Biology,,True,True,True,True,False,False,False,True,False,False,False,False,False,False,False,False,False,False,False,False,False,False,False,False,False,False,False,False,False,False,False,False,False,False,False,False,False,False,False,False
William Evens,Computer Science,,False,False,False,False,False,False,False,False,False,False,False,False,False,False,False,False,False,False,False,False,False,False,False,False,False,False,False,False,False,True,True,True,True,True,False,False,False,False,False,False
Gina Lewis,Computer Science,,False,False,False,False,False,False,False,False,False,False,False,False,False,False,False,False,False,False,False,False,False,False,False,False,False,False,True,True,False,True,True,False,True,False,False,False,False,False,False,False
Leanna Hamm,Computer Science,,False,False,False,False,False,False,False,False,False,False,False,False,False,False,False,False,False,False,False,False,False,False,False,False,False,False,True,False,False,False,True,True,True,True,False,False,False,False,False,False
Willie Ramos,Biology,,False,True,False,True,True,True,False,True,False,False,False,False,False,False,False,False,False,False,False,False,False,False,False,False,False,False,False,False,False,False,False,False,False,False,False,False,False,False,False,False
Johnny Cilley,Computer Science,,False,False,False,False,False,False,False,False,False,False,False,False,False,False,False,False,False,False,False,False,False,False,False,False,False,False,True,False,True,False,True,True,True,False,False,False,False,False,False,False
Maria Tatro,Computer Science,,False,False,False,False,False,False,False,False,False,False,False,False,False,False,False,False,False,False,False,False,False,False,False,False,False,False,True,False,True,True,True,False,False,True,False,False,False,False,False,False
Cedric Croom,Environmental Science,,False,False,False,False,False,False,False,False,False,False,False,False,False,False,False,False,False,False,False,False,False,False,False,False,False,False,False,False,False,False,False,False,False,False,True,True,False,True,True,True
Rachel Compton,Biology,,True,True,False,False,True,False,True,True,False,False,False,False,False,False,False,False,False,False,False,False,False,False,False,False,False,False,False,False,False,False,False,False,False,False,False,False,False,False,False,False
Felix Tauber,Computer Science,,False,False,False,False,False,False,False,False,False,False,False,False,False,False,False,False,False,False,False,False,False,False,False,False,False,False,False,True,True,False,True,False,True,True,False,False,False,False,False,False
Christopher Petersen,Computer Science,,False,False,False,False,False,False,False,False,False,False,False,False,False,False,False,False,False,False,False,False,False,False,False,False,False,False,True,True,False,False,True,True,True,False,False,False,False,False,False,False
Bridget Gil,Physics,Computer Science,False,False,False,False,False,False,False,False,True,False,False,False,True,True,False,False,False,False,False,False,False,False,False,False,False,False,False,False,False,False,True,False,True,False,False,False,False,False,False,False
Julie Stevens,Computer Science,,False,False,False,False,False,False,False,False,False,False,False,False,False,False,False,False,False,False,False,False,False,False,False,False,False,False,False,True,True,False,False,True,True,True,False,False,False,False,False,False
Daniel Eubanks,Biology,,True,True,True,True,True,False,False,False,False,False,False,False,False,False,False,False,False,False,False,False,False,False,False,False,False,False,False,False,False,False,False,False,False,False,False,False,False,False,False,False
Jay Duncan,Math,,False,False,False,False,False,False,False,False,False,False,False,False,False,False,False,False,False,True,False,True,True,False,False,True,False,True,False,False,False,False,False,False,False,False,False,False,False,False,False,False
Clifford Stephens,Computer Science,,False,False,False,False,False,False,False,False,False,False,False,False,False,False,False,False,False,False,False,False,False,False,False,False,False,False,True,True,False,False,True,True,False,True,False,False,False,False,False,False
Jorge Mcmanus,Physics,,False,False,False,False,False,False,False,False,True,True,False,False,True,False,True,False,True,False,False,False,False,False,False,False,False,False,False,False,False,False,False,False,False,False,False,False,False,False,False,False
Dawn Armstrong,Biology,,True,False,True,False,True,True,True,False,False,False,False,False,False,False,False,False,False,False,False,False,False,False,False,False,False,False,False,False,False,False,False,False,False,False,False,False,False,False,False,False
Gregory Varela,Biology,,True,True,False,False,True,False,True,True,False,False,False,False,False,False,False,False,False,False,False,False,False,False,False,False,False,False,False,False,False,False,False,False,False,False,False,False,False,False,False,False
Patrick Krieger,Computer Science,Biology,False,False,False,False,True,True,False,False,False,False,False,False,False,False,False,False,False,False,False,False,False,False,False,False,False,False,True,False,True,False,True,False,False,False,False,False,False,False,False,False
Mark Scott,Biology,,True,True,True,True,False,True,False,False,False,False,False,False,False,False,False,False,False,False,False,False,False,False,False,False,False,False,False,False,False,False,False,False,False,False,False,False,False,False,False,False
Richard Turner,Computer Science,,False,False,False,False,False,False,False,False,False,False,False,False,False,False,False,False,False,False,False,False,False,False,False,False,False,False,False,True,False,True,True,True,True,False,False,False,False,False,False,False
Robert Siller,Computer Science,,False,False,False,False,False,False,False,False,False,False,False,False,False,False,False,False,False,False,False,False,False,False,False,False,False,False,True,False,True,True,False,True,False,True,False,False,False,False,False,False
Lois Szeto,Computer Science,,False,False,False,False,False,False,False,False,False,False,False,False,False,False,False,False,False,False,False,False,False,False,False,False,False,False,False,False,False,True,True,True,True,True,False,False,False,False,False,False
Jose Sanchez,Computer Science,Physics,False,False,False,False,False,False,False,False,True,False,False,False,False,True,False,False,False,False,False,False,False,False,False,False,False,False,True,False,False,True,True,False,False,False,False,False,False,False,False,False
Lori Craig,Computer Science,,False,False,False,False,False,False,False,False,False,False,False,False,False,False,False,False,False,False,False,False,False,False,False,False,False,False,True,True,True,True,False,False,True,False,False,False,False,False,False,False
Stacey Johnson,Physics,,False,False,False,False,False,False,False,False,False,True,True,True,False,True,False,True,False,False,False,False,False,False,False,False,False,False,False,False,False,False,False,False,False,False,False,False,False,False,False,False
John Gilmore,Computer Science,,False,False,False,False,False,False,False,False,False,False,False,False,False,False,False,False,False,False,False,False,False,False,False,False,False,False,False,False,True,True,False,True,True,True,False,False,False,False,False,False
David Cook,Computer Science,,False,False,False,False,False,False,False,False,False,False,False,False,False,False,False,False,False,False,False,False,False,False,False,False,False,False,True,False,False,True,False,True,True,True,False,False,False,False,False,False
Dean Kahler,Physics,,False,False,False,False,False,False,False,False,False,True,True,False,False,True,True,False,True,False,False,False,False,False,False,False,False,False,False,False,False,False,False,False,False,False,False,False,False,False,False,False
Gloria Fuchs,Environmental Science,,False,False,False,False,False,False,False,False,False,False,False,False,False,False,False,False,False,False,False,False,False,False,False,False,False,False,False,False,False,False,False,False,False,False,True,True,True,False,True,True
Jose Baldwin,Computer Science,,False,False,False,False,False,False,False,False,False,False,False,False,False,False,False,False,False,False,False,False,False,False,False,False,False,False,True,True,True,False,True,True,False,False,False,False,False,False,False,False
Mary Auld,Computer Science,,False,False,False,False,False,False,False,False,False,False,False,False,False,False,False,False,False,False,False,False,False,False,False,False,False,False,True,False,True,False,True,True,False,True,False,False,False,False,False,False
James Gloor,Math,,False,False,False,False,False,False,False,False,False,False,False,False,False,False,False,False,False,True,True,False,True,True,True,False,False,False,False,False,False,False,False,False,False,False,False,False,False,False,False,False
Howard Wang,Computer Science,,False,False,False,False,False,False,False,False,False,False,False,False,False,False,False,False,False,False,False,False,False,False,False,False,False,False,False,False,False,True,True,True,True,True,False,False,False,False,False,False
Adela Felton,Computer Science,,False,False,False,False,False,False,False,False,False,False,False,False,False,False,False,False,False,False,False,False,False,False,False,False,False,False,True,False,False,True,True,True,False,True,False,False,False,False,False,False
Shirley Lane,Computer Science,,False,False,False,False,False,False,False,False,False,False,False,False,False,False,False,False,False,False,False,False,False,False,False,False,False,False,True,True,False,False,True,True,True,False,False,False,False,False,False,False
Omar Solomon,Computer Science,,False,False,False,False,False,False,False,False,False,False,False,False,False,False,False,False,False,False,False,False,False,False,False,False,False,False,False,False,True,False,True,True,True,True,False,False,False,False,False,False
Robert Pardo,Biology,,True,True,True,True,False,False,False,True,False,False,False,False,False,False,False,False,False,False,False,False,False,False,False,False,False,False,False,False,False,False,False,False,False,False,False,False,False,False,False,False
Henry Scott,Computer Science,,False,False,False,False,False,False,False,False,False,False,False,False,False,False,False,False,False,False,False,False,False,False,False,False,False,False,False,False,True,False,True,True,True,True,False,False,False,False,False,False
Tommy Cash,Environmental Science,,False,False,False,False,False,False,False,False,False,False,False,False,False,False,False,False,False,False,False,False,False,False,False,False,False,False,False,False,False,False,False,False,False,False,True,True,True,True,False,True
Franklin Zien,Environmental Science,,False,False,False,False,False,False,False,False,False,False,False,False,False,False,False,False,False,False,False,False,False,False,False,False,False,False,False,False,False,False,False,False,False,False,True,False,True,True,True,True
James Wilkins,Environmental Science,,False,False,False,False,False,False,False,False,False,False,False,False,False,False,False,False,False,False,False,False,False,False,False,False,False,False,False,False,False,False,False,False,False,False,True,True,True,True,False,True
Christine White,Computer Science,,False,False,False,False,False,False,False,False,False,False,False,False,False,False,False,False,False,False,False,False,False,False,False,False,False,False,True,True,True,True,False,False,True,False,False,False,False,False,False,False
Alicia Devit,Environmental Science,,False,False,False,False,False,False,False,False,False,False,False,False,False,False,False,False,False,False,False,False,False,False,False,False,False,False,False,False,False,False,False,False,False,False,True,False,True,True,True,True
Melonie Moskowitz,Computer Science,,False,False,False,False,False,False,False,False,False,False,False,False,False,False,False,False,False,False,False,False,False,False,False,False,False,False,True,True,False,False,True,True,False,True,False,False,False,False,False,False
Donald Lindley,Environmental Science,,False,False,False,False,False,False,False,False,False,False,False,False,False,False,False,False,False,False,False,False,False,False,False,False,False,False,False,False,False,False,False,False,False,False,True,True,True,True,True,False
Alice Malinowski,Computer Science,,False,False,False,False,False,False,False,False,False,False,False,False,False,False,False,False,False,False,False,False,False,False,False,False,False,False,False,True,False,False,True,True,True,True,False,False,False,False,False,False
Shane Goldsberry,Biology,,True,True,False,False,False,True,True,True,False,False,False,False,False,False,False,False,False,False,False,False,False,False,False,False,False,False,False,False,False,False,False,False,False,False,False,False,False,False,False,False
Christian Muzzy,Biology,,True,False,True,True,True,False,True,False,False,False,False,False,False,False,False,False,False,False,False,False,False,False,False,False,False,False,False,False,False,False,False,False,False,False,False,False,False,False,False,False
Audrey Mead,Environmental Science,,False,False,False,False,False,False,False,False,False,False,False,False,False,False,False,False,False,False,False,False,False,False,False,False,False,False,False,False,False,False,False,False,False,False,True,False,True,True,True,True
Billy Noriega,Physics,,False,False,False,False,False,False,False,False,False,True,False,True,True,False,True,True,False,False,False,False,False,False,False,False,False,False,False,False,False,False,False,False,False,False,False,False,False,False,False,False
Gary Melanson,Computer Science,,False,False,False,False,False,False,False,False,False,False,False,False,False,False,False,False,False,False,False,False,False,False,False,False,False,False,True,True,True,False,False,False,True,True,False,False,False,False,False,False
Kathryn Clark,Biology,,True,False,False,True,True,True,True,False,False,False,False,False,False,False,False,False,False,False,False,False,False,False,False,False,False,False,False,False,False,False,False,False,False,False,False,False,False,False,False,False
Joey Giles,Biology,,False,True,True,False,True,False,True,True,False,False,False,False,False,False,False,False,False,False,False,False,False,False,False,False,False,False,False,False,False,False,False,False,False,False,False,False,False,False,False,False
Scott Esparza,Biology,,False,True,False,False,True,True,True,True,False,False,False,False,False,False,False,False,False,False,False,False,False,False,False,False,False,False,False,False,False,False,False,False,False,False,False,False,False,False,False,False
Anita Espinoza,Biology,,False,True,False,False,True,True,True,True,False,False,False,False,False,False,False,False,False,False,False,False,False,False,False,False,False,False,False,False,False,False,False,False,False,False,False,False,False,False,False,False
Terri Davidson,Computer Science,,False,False,False,False,False,False,False,False,False,False,False,False,False,False,False,False,False,False,False,False,False,False,False,False,False,False,True,False,True,False,True,True,False,True,False,False,False,False,False,False
Ruth Stutzman,Math,,False,False,False,False,False,False,False,False,False,False,False,False,False,False,False,False,False,True,False,True,False,True,False,True,False,True,False,False,False,False,False,False,False,False,False,False,False,False,False,False
Holly Bryan,Computer Science,,False,False,False,False,False,False,False,False,False,False,False,False,False,False,False,False,False,False,False,False,False,False,False,False,False,False,True,True,True,False,False,False,True,True,False,False,False,False,False,False
Ervin Nemeth,Biology,,False,True,True,True,True,True,False,False,False,False,False,False,False,False,False,False,False,False,False,False,False,False,False,False,False,False,False,False,False,False,False,False,False,False,False,False,False,False,False,False
Erinn Clawson,Computer Science,,False,False,False,False,False,False,False,False,False,False,False,False,False,False,False,False,False,False,False,False,False,False,False,False,False,False,True,True,False,True,True,False,False,True,False,False,False,False,False,False
Lionel Heimann,Biology,,False,True,True,False,True,False,True,True,False,False,False,False,False,False,False,False,False,False,False,False,False,False,False,False,False,False,False,False,False,False,False,False,False,False,False,False,False,False,False,False
Charles Reynolds,Math,,False,False,False,False,False,False,False,False,False,False,False,False,False,False,False,False,False,True,True,False,True,True,True,False,False,False,False,False,False,False,False,False,False,False,False,False,False,False,False,False
John Smith,Computer Science,,False,False,False,False,False,False,False,False,False,False,False,False,False,False,False,False,False,False,False,False,False,False,False,False,False,False,True,True,True,True,False,False,True,False,False,False,False,False,False,False
Anitra Connelly,Computer Science,,False,False,False,False,False,False,False,False,False,False,False,False,False,False,False,False,False,False,False,False,False,False,False,False,False,False,True,True,True,True,False,False,True,False,False,False,False,False,False,False
James Colbert,Biology,,True,False,True,True,True,False,False,True,False,False,False,False,False,False,False,False,False,False,False,False,False,False,False,False,False,False,False,False,False,False,False,False,False,False,False,False,False,False,False,False
Claude Early,Biology,Computer Science,True,False,True,False,False,False,True,False,False,False,False,False,False,False,False,False,False,False,False,False,False,False,False,False,False,False,False,False,True,False,False,False,True,False,False,False,False,False,False,False
Herman Plumer,Computer Science,,False,False,False,False,False,False,False,False,False,False,False,False,False,False,False,False,False,False,False,False,False,False,False,False,False,False,False,True,True,True,False,False,True,True,False,False,False,False,False,False
Isidro Williams,Math,,False,False,False,False,False,False,False,False,False,False,False,False,False,False,False,False,False,True,True,True,False,False,False,True,True,False,False,False,False,False,False,False,False,False,False,False,False,False,False,False
Lee Loken,Math,Biology,True,True,False,False,False,False,False,False,False,False,False,False,False,False,False,False,False,True,False,False,True,False,True,False,False,False,False,False,False,False,False,False,False,False,False,False,False,False,False,False
Charmaine Knudsen,Environmental Science,,False,False,False,False,False,False,False,False,False,False,False,False,False,False,False,False,False,False,False,False,False,False,False,False,False,False,False,False,False,False,False,False,False,False,True,True,True,False,True,True
Ronald Arredondo,Biology,Computer Science,False,True,True,False,False,False,True,False,False,False,False,False,False,False,False,False,False,False,False,False,False,False,False,False,False,False,False,True,True,False,False,False,False,False,False,False,False,False,False,False
Edward Connor,Computer Science,,False,False,False,False,False,False,False,False,False,False,False,False,False,False,False,False,False,False,False,False,False,False,False,False,False,False,True,True,True,False,False,False,True,True,False,False,False,False,False,False
Louis Harkins,Math,,False,False,False,False,False,False,False,False,False,False,False,False,False,False,False,False,False,True,True,False,True,False,True,False,True,False,False,False,False,False,False,False,False,False,False,False,False,False,False,False
Von Davison,Math,,False,False,False,False,False,False,False,False,False,False,False,False,False,False,False,False,False,False,True,False,False,True,False,True,True,True,False,False,False,False,False,False,False,False,False,False,False,False,False,False
Lucinda Johnson,Environmental Science,,False,False,False,False,False,False,False,False,False,False,False,False,False,False,False,False,False,False,False,False,False,False,False,False,False,False,False,False,False,False,False,False,False,False,True,True,True,True,True,False
Ebony Henke,Environmental Science,,False,False,False,False,False,False,False,False,False,False,False,False,False,False,False,False,False,False,False,False,False,False,False,False,False,False,False,False,False,False,False,False,False,False,True,False,True,True,True,True
Kimberly Gutierrez,Computer Science,Biology,False,False,True,False,True,False,False,False,False,False,False,False,False,False,False,False,False,False,False,False,False,False,False,False,False,False,True,False,False,False,True,False,True,False,False,False,False,False,False,False
George Fisher,Math,Biology,False,False,False,True,False,True,False,False,False,False,False,False,False,False,False,False,False,False,False,True,True,False,False,True,False,False,False,False,False,False,False,False,False,False,False,False,False,False,False,False
Theresa Walker,Computer Science,,False,False,False,False,False,False,False,False,False,False,False,False,False,False,False,False,False,False,False,False,False,False,False,False,False,False,True,True,False,False,True,False,True,True,False,False,False,False,False,False
Richard Parris,Biology,,False,True,False,True,False,True,True,True,False,False,False,False,False,False,False,False,False,False,False,False,False,False,False,False,False,False,False,False,False,False,False,False,False,False,False,False,False,False,False,False
Ida Glass,Biology,,False,True,False,True,True,False,True,True,False,False,False,False,False,False,False,False,False,False,False,False,False,False,False,False,False,False,False,False,False,False,False,False,False,False,False,False,False,False,False,False
Jacques Lee,Biology,,False,False,True,True,False,True,True,True,False,False,False,False,False,False,False,False,False,False,False,False,False,False,False,False,False,False,False,False,False,False,False,False,False,False,False,False,False,False,False,False
Barbara Price,Biology,,True,True,False,True,False,True,False,True,False,False,False,False,False,False,False,False,False,False,False,False,False,False,False,False,False,False,False,False,False,False,False,False,False,False,False,False,False,False,False,False
Chuck Starks,Biology,Physics,False,False,False,False,True,False,True,True,False,True,False,False,False,True,False,False,False,False,False,False,False,False,False,False,False,False,False,False,False,False,False,False,False,False,False,False,False,False,False,False
Linda Richard,Math,,False,False,False,False,False,False,False,False,False,False,False,False,False,False,False,False,False,True,False,True,True,False,False,True,True,False,False,False,False,False,False,False,False,False,False,False,False,False,False,False
Michael Campbell,Environmental Science,,False,False,False,False,False,False,False,False,False,False,False,False,False,False,False,False,False,False,False,False,False,False,False,False,False,False,False,False,False,False,False,False,False,False,True,False,True,True,True,True
Bridget Sinnott,Math,,False,False,False,False,False,False,False,False,False,False,False,False,False,False,False,False,False,True,True,True,False,False,False,False,True,True,False,False,False,False,False,False,False,False,False,False,False,False,False,False
Stacey Madigan,Physics,,False,False,False,False,False,False,False,False,True,False,False,True,True,True,False,False,True,False,False,False,False,False,False,False,False,False,False,False,False,False,False,False,False,False,False,False,False,False,False,False
Jeff Shenk,Physics,,False,False,False,False,False,False,False,False,True,False,True,False,False,True,True,True,False,False,False,False,False,False,False,False,False,False,False,False,False,False,False,False,False,False,False,False,False,False,False,False
John Simms,Biology,,True,True,False,True,True,False,False,True,False,False,False,False,False,False,False,False,False,False,False,False,False,False,False,False,False,False,False,False,False,False,False,False,False,False,False,False,False,False,False,False
Nathaniel Podbielski,Computer Science,,False,False,False,False,False,False,False,False,False,False,False,False,False,False,False,False,False,False,False,False,False,False,False,False,False,False,True,True,False,False,True,False,True,True,False,False,False,False,False,False
Wesley Bougie,Biology,,True,True,False,False,True,False,True,True,False,False,False,False,False,False,False,False,False,False,False,False,False,False,False,False,False,False,False,False,False,False,False,False,False,False,False,False,False,False,False,False
Jewell Williams,Computer Science,,False,False,False,False,False,False,False,False,False,False,False,False,False,False,False,False,False,False,False,False,False,False,False,False,False,False,True,True,False,False,False,True,True,True,False,False,False,False,False,False
Colleen Perez,Computer Science,,False,False,False,False,False,False,False,False,False,False,False,False,False,False,False,False,False,False,False,False,False,False,False,False,False,False,False,True,True,True,True,False,False,True,False,False,False,False,False,False
Carlos Harris,Biology,,True,False,False,True,False,True,True,True,False,False,False,False,False,False,False,False,False,False,False,False,False,False,False,False,False,False,False,False,False,False,False,False,False,False,False,False,False,False,False,False
Grant Kowald,Biology,,True,False,True,False,False,True,True,True,False,False,False,False,False,False,False,False,False,False,False,False,False,False,False,False,False,False,False,False,False,False,False,False,False,False,False,False,False,False,False,False
Nathan Smith,Physics,,False,False,False,False,False,False,False,False,False,True,True,True,False,False,True,True,False,False,False,False,False,False,False,False,False,False,False,False,False,False,False,False,False,False,False,False,False,False,False,False
Lucy Rodriguez,Environmental Science,,False,False,False,False,False,False,False,False,False,False,False,False,False,False,False,False,False,False,False,False,False,False,False,False,False,False,False,False,False,False,False,False,False,False,True,True,True,True,False,True
Douglas Gabriel,Computer Science,Physics,False,False,False,False,False,False,False,False,True,False,False,False,True,False,False,False,False,False,False,False,False,False,False,False,False,False,False,True,False,False,True,False,True,False,False,False,False,False,False,False
Nellie Platt,Biology,,True,False,False,False,True,True,True,True,False,False,False,False,False,False,False,False,False,False,False,False,False,False,False,False,False,False,False,False,False,False,False,False,False,False,False,False,False,False,False,False
Mary Havenhill,Computer Science,,False,False,False,False,False,False,False,False,False,False,False,False,False,False,False,False,False,False,False,False,False,False,False,False,False,False,True,True,False,False,True,False,True,True,False,False,False,False,False,False
Dorothy Gaddis,Biology,,True,True,True,False,False,True,False,True,False,False,False,False,False,False,False,False,False,False,False,False,False,False,False,False,False,False,False,False,False,False,False,False,False,False,False,False,False,False,False,False
Chris Torres,Math,,False,False,False,False,False,False,False,False,False,False,False,False,False,False,False,False,False,True,True,True,False,True,True,False,False,False,False,False,False,False,False,False,False,False,False,False,False,False,False,False
Charles Owens,Computer Science,,False,False,False,False,False,False,False,False,False,False,False,False,False,False,False,False,False,False,False,False,False,False,False,False,False,False,False,True,True,False,True,True,True,False,False,False,False,False,False,False
Robert Ledbetter,Biology,,True,True,True,False,False,True,False,True,False,False,False,False,False,False,False,False,False,False,False,False,False,False,False,False,False,False,False,False,False,False,False,False,False,False,False,False,False,False,False,False
Alesia Anderson,Computer Science,,False,False,False,False,False,False,False,False,False,False,False,False,False,False,False,False,False,False,False,False,False,False,False,False,False,False,True,False,True,True,True,False,True,False,False,False,False,False,False,False
Anna Brooks,Computer Science,,False,False,False,False,False,False,False,False,False,False,False,False,False,False,False,False,False,False,False,False,False,False,False,False,False,False,True,False,True,True,True,True,False,False,False,False,False,False,False,False
Ezekiel Telep,Computer Science,,False,False,False,False,False,False,False,False,False,False,False,False,False,False,False,False,False,False,False,False,False,False,False,False,False,False,True,False,True,False,True,False,True,True,False,False,False,False,False,False
Sara Tilley,Computer Science,,False,False,False,False,False,False,False,False,False,False,False,False,False,False,False,False,False,False,False,False,False,False,False,False,False,False,True,False,False,True,False,True,True,True,False,False,False,False,False,False
Joseph Hanes,Biology,,True,True,False,False,True,True,False,True,False,False,False,False,False,False,False,False,False,False,False,False,False,False,False,False,False,False,False,False,False,False,False,False,False,False,False,False,False,False,False,False
John Holmes,Computer Science,,False,False,False,False,False,False,False,False,False,False,False,False,False,False,False,False,False,False,False,False,False,False,False,False,False,False,False,False,True,True,True,False,True,True,False,False,False,False,False,False
Chris Probst,Computer Science,,False,False,False,False,False,False,False,False,False,False,False,False,False,False,False,False,False,False,False,False,False,False,False,False,False,False,True,False,True,True,False,True,True,False,False,False,False,False,False,False
David Smith,Computer Science,,False,False,False,False,False,False,False,False,False,False,False,False,False,False,False,False,False,False,False,False,False,False,False,False,False,False,False,True,True,True,False,True,True,False,False,False,False,False,False,False
Marcus Shelby,Environmental Science,,False,False,False,False,False,False,False,False,False,False,False,False,False,False,False,False,False,False,False,False,False,False,False,False,False,False,False,False,False,False,False,False,False,False,True,True,True,True,False,True
Lucy Bullard,Biology,,True,True,False,False,True,True,False,True,False,False,False,False,False,False,False,False,False,False,False,False,False,False,False,False,False,False,False,False,False,False,False,False,False,False,False,False,False,False,False,False
Walter West,Computer Science,,False,False,False,False,False,False,False,False,False,False,False,False,False,False,False,False,False,False,False,False,False,False,False,False,False,False,True,True,True,False,False,True,False,True,False,False,False,False,False,False
Carla Gonzales,Biology,,True,True,True,False,False,True,False,True,False,False,False,False,False,False,False,False,False,False,False,False,False,False,False,False,False,False,False,False,False,False,False,False,False,False,False,False,False,False,False,False
Kenneth Wallace,Biology,Computer Science,False,False,True,True,False,True,False,False,False,False,False,False,False,False,False,False,False,False,False,False,False,False,False,False,False,False,False,False,False,False,False,True,True,False,False,False,False,False,False,False
Mildred Gonzalez,Computer Science,,False,False,False,False,False,False,False,False,False,False,False,False,False,False,False,False,False,False,False,False,False,False,False,False,False,False,False,False,True,False,True,True,True,True,False,False,False,False,False,False
Elvira Young,Biology,,True,True,False,True,True,True,False,False,False,False,False,False,False,False,False,False,False,False,False,False,False,False,False,False,False,False,False,False,False,False,False,False,False,False,False,False,False,False,False,False
Marlene Pruchnik,Physics,,False,False,False,False,False,False,False,False,False,True,True,True,False,False,False,True,True,False,False,False,False,False,False,False,False,False,False,False,False,False,False,False,False,False,False,False,False,False,False,False
Sarah Gregorio,Computer Science,,False,False,False,False,False,False,False,False,False,False,False,False,False,False,False,False,False,False,False,False,False,False,False,False,False,False,False,True,True,False,True,True,True,False,False,False,False,False,False,False
David Anderson,Computer Science,,False,False,False,False,False,False,False,False,False,False,False,False,False,False,False,False,False,False,False,False,False,False,False,False,False,False,False,True,True,True,False,True,False,True,False,False,False,False,False,False
John Elston,Math,,False,False,False,False,False,False,False,False,False,False,False,False,False,False,False,False,False,True,True,False,True,True,False,True,False,False,False,False,False,False,False,False,False,False,False,False,False,False,False,False
Rose Waszkiewicz,Computer Science,,False,False,False,False,False,False,False,False,False,False,False,False,False,False,False,False,False,False,False,False,False,False,False,False,False,False,False,True,True,False,True,True,False,True,False,False,False,False,False,False
Stephen Knapp,Computer Science,,False,False,False,False,False,False,False,False,False,False,False,False,False,False,False,False,False,False,False,False,False,False,False,False,False,False,True,False,True,True,True,False,False,True,False,False,False,False,False,False
Patricia Sanders,Environmental Science,,False,False,False,False,False,False,False,False,False,False,False,False,False,False,False,False,False,False,False,False,False,False,False,False,False,False,False,False,False,False,False,False,False,False,False,True,True,True,True,True
Eric Cookson,Physics,Biology,False,False,True,False,False,False,False,True,False,False,True,False,True,False,False,True,False,False,False,False,False,False,False,False,False,False,False,False,False,False,False,False,False,False,False,False,False,False,False,False
Kathleen Daniels,Math,,False,False,False,False,False,False,False,False,False,False,False,False,False,False,False,False,False,True,False,True,False,True,True,False,False,True,False,False,False,False,False,False,False,False,False,False,False,False,False,False
Anthony Williams,Biology,,True,False,False,True,True,True,True,False,False,False,False,False,False,False,False,False,False,False,False,False,False,False,False,False,False,False,False,False,False,False,False,False,False,False,False,False,False,False,False,False
Charity Glover,Computer Science,,False,False,False,False,False,False,False,False,False,False,False,False,False,False,False,False,False,False,False,False,False,False,False,False,False,False,False,False,True,True,True,True,True,False,False,False,False,False,False,False
Helen Cooley,Biology,,False,True,True,True,False,False,True,True,False,False,False,False,False,False,False,False,False,False,False,False,False,False,False,False,False,False,False,False,False,False,False,False,False,False,False,False,False,False,False,False
Charles Butcher,Computer Science,,False,False,False,False,False,False,False,False,False,False,False,False,False,False,False,False,False,False,False,False,False,False,False,False,False,False,True,False,False,True,True,False,True,True,False,False,False,False,False,False
Janice Yoder,Computer Science,,False,False,False,False,False,False,False,False,False,False,False,False,False,False,False,False,False,False,False,False,False,False,False,False,False,False,False,True,True,False,True,True,True,False,False,False,False,False,False,False
Alan Daniel,Physics,,False,False,False,False,False,False,False,False,False,True,True,False,False,True,True,True,False,False,False,False,False,False,False,False,False,False,False,False,False,False,False,False,False,False,False,False,False,False,False,False
Marvin Romiro,Computer Science,,False,False,False,False,False,False,False,False,False,False,False,False,False,False,False,False,False,False,False,False,False,False,False,False,False,False,False,True,True,False,False,True,True,True,False,False,False,False,False,False
Christine Cunningham,Math,,False,False,False,False,False,False,False,False,False,False,False,False,False,False,False,False,False,False,True,True,True,False,True,True,False,False,False,False,False,False,False,False,False,False,False,False,False,False,False,False
Carlotta Noble,Biology,,False,True,False,True,True,True,True,False,False,False,False,False,False,False,False,False,False,False,False,False,False,False,False,False,False,False,False,False,False,False,False,False,False,False,False,False,False,False,False,False
Bert Arellano,Computer Science,,False,False,False,False,False,False,False,False,False,False,False,False,False,False,False,False,False,False,False,False,False,False,False,False,False,False,False,True,True,True,True,False,False,True,False,False,False,False,False,False
Leona Wacker,Math,,False,False,False,False,False,False,False,False,False,False,False,False,False,False,False,False,False,False,False,False,False,True,True,True,True,True,False,False,False,False,False,False,False,False,False,False,False,False,False,False
Pedro Kerr,Computer Science,,False,False,False,False,False,False,False,False,False,False,False,False,False,False,False,False,False,False,False,False,False,False,False,False,False,False,True,True,False,False,True,False,True,True,False,False,False,False,False,False
Gaynelle Ford,Computer Science,,False,False,False,False,False,False,False,False,False,False,False,False,False,False,False,False,False,False,False,False,False,False,False,False,False,False,True,True,False,False,True,False,True,True,False,False,False,False,False,False
Michael Bond,Biology,,True,False,False,True,True,True,True,False,False,False,False,False,False,False,False,False,False,False,False,False,False,False,False,False,False,False,False,False,False,False,False,False,False,False,False,False,False,False,False,False
Sharon Sullivan,Physics,,False,False,False,False,False,False,False,False,True,False,True,True,False,True,False,True,False,False,False,False,False,False,False,False,False,False,False,False,False,False,False,False,False,False,False,False,False,False,False,False
Lori Cunningham,Environmental Science,,False,False,False,False,False,False,False,False,False,False,False,False,False,False,False,False,False,False,False,False,False,False,False,False,False,False,False,False,False,False,False,False,False,False,True,True,False,True,True,True
Alexander Blackwood,Computer Science,Environmental Science,False,False,False,False,False,False,False,False,False,False,False,False,False,False,False,False,False,False,False,False,False,False,False,False,False,False,True,False,False,True,False,False,False,True,True,False,False,False,False,True
Wayne Bailey,Biology,,True,False,False,False,True,True,True,True,False,False,False,False,False,False,False,False,False,False,False,False,False,False,False,False,False,False,False,False,False,False,False,False,False,False,False,False,False,False,False,False
Freeda Smart,Biology,Math,True,True,False,False,False,False,False,True,False,False,False,False,False,False,False,False,False,False,False,False,False,False,True,False,True,False,False,False,False,False,False,False,False,False,False,False,False,False,False,False
Susan Mickle,Math,,False,False,False,False,False,False,False,False,False,False,False,False,False,False,False,False,False,True,False,False,True,False,False,True,True,True,False,False,False,False,False,False,False,False,False,False,False,False,False,False
Sandra Rake,Computer Science,,False,False,False,False,False,False,False,False,False,False,False,False,False,False,False,False,False,False,False,False,False,False,False,False,False,False,True,True,True,False,True,False,True,False,False,False,False,False,False,False
Yu Payne,Biology,,False,True,True,False,True,True,True,False,False,False,False,False,False,False,False,False,False,False,False,False,False,False,False,False,False,False,False,False,False,False,False,False,False,False,False,False,False,False,False,False
Jamie Buckley,Math,,False,False,False,False,False,False,False,False,False,False,False,False,False,False,False,False,False,False,False,True,True,True,True,False,False,True,False,False,False,False,False,False,False,False,False,False,False,False,False,False
Nathan Dunleavy,Computer Science,,False,False,False,False,False,False,False,False,False,False,False,False,False,False,False,False,False,False,False,False,False,False,False,False,False,False,False,True,True,False,False,True,True,True,False,False,False,False,False,False
Toby Martin,Physics,,False,False,False,False,False,False,False,False,False,True,True,True,True,False,True,False,False,False,False,False,False,False,False,False,False,False,False,False,False,False,False,False,False,False,False,False,False,False,False,False
Alicia Ward,Computer Science,,False,False,False,False,False,False,False,False,False,False,False,False,False,False,False,False,False,False,False,False,False,False,False,False,False,False,False,False,True,False,True,True,True,True,False,False,False,False,False,False
Patricia Houser,Biology,,False,False,True,True,True,False,True,True,False,False,False,False,False,False,False,False,False,False,False,False,False,False,False,False,False,False,False,False,False,False,False,False,False,False,False,False,False,False,False,False
Kenneth Levi,Environmental Science,,False,False,False,False,False,False,False,False,False,False,False,False,False,False,False,False,False,False,False,False,False,False,False,False,False,False,False,False,False,False,False,False,False,False,True,True,True,True,True,False
John Morales,Biology,Physics,True,True,False,False,True,False,False,False,False,True,False,False,False,False,False,True,False,False,False,False,False,False,False,False,False,False,False,False,False,False,False,False,False,False,False,False,False,False,False,False
Peter Flores,Biology,,False,False,True,False,True,True,True,True,False,False,False,False,False,False,False,False,False,False,False,False,False,False,False,False,False,False,False,False,False,False,False,False,False,False,False,False,False,False,False,False
James Lynch,Computer Science,,False,False,False,False,False,False,False,False,False,False,False,False,False,False,False,False,False,False,False,False,False,False,False,False,False,False,False,True,False,True,True,True,True,False,False,False,False,False,False,False
Marcia Hidalgo,Computer Science,,False,False,False,False,False,False,False,False,False,False,False,False,False,False,False,False,False,False,False,False,False,False,False,False,False,False,True,False,False,True,True,True,True,False,False,False,False,False,False,False
Wesley Turner,Math,,False,False,False,False,False,False,False,False,False,False,False,False,False,False,False,False,False,False,True,False,True,True,True,False,False,True,False,False,False,False,False,False,False,False,False,False,False,False,False,False
Paula Paulus,Computer Science,,False,False,False,False,False,False,False,False,False,False,False,False,False,False,False,False,False,False,False,False,False,False,False,False,False,False,True,False,False,True,True,False,True,True,False,False,False,False,False,False
Shameka Gardiner,Environmental Science,,False,False,False,False,False,False,False,False,False,False,False,False,False,False,False,False,False,False,False,False,False,False,False,False,False,False,False,False,False,False,False,False,False,False,False,True,True,True,True,True
Angeline Riveroll,Biology,,True,True,True,False,False,False,True,True,False,False,False,False,False,False,False,False,False,False,False,False,False,False,False,False,False,False,False,False,False,False,False,False,False,False,False,False,False,False,False,False
Jack Tan,Computer Science,,False,False,False,False,False,False,False,False,False,False,False,False,False,False,False,False,False,False,False,False,False,False,False,False,False,False,True,True,True,False,True,False,True,False,False,False,False,False,False,False
Charles Tinnon,Computer Science,,False,False,False,False,False,False,False,False,False,False,False,False,False,False,False,False,False,False,False,False,False,False,False,False,False,False,True,False,True,True,False,False,True,True,False,False,False,False,False,False
Mavis Baker,Computer Science,Environmental Science,False,False,False,False,False,False,False,False,False,False,False,False,False,False,False,False,False,False,False,False,False,False,False,False,False,False,False,True,True,False,False,False,False,True,False,True,True,False,False,False
Harold Dailey,Biology,,False,False,True,True,True,True,True,False,False,False,False,False,False,False,False,False,False,False,False,False,False,False,False,False,False,False,False,False,False,False,False,False,False,False,False,False,False,False,False,False
Mary Murillo,Biology,,True,True,False,False,True,False,True,True,False,False,False,False,False,False,False,False,False,False,False,False,False,False,False,False,False,False,False,False,False,False,False,False,False,False,False,False,False,False,False,False
Frank Gleason,Environmental Science,,False,False,False,False,False,False,False,False,False,False,False,False,False,False,False,False,False,False,False,False,False,False,False,False,False,False,False,False,False,False,False,False,False,False,True,True,True,True,True,False
Maria Wortman,Biology,,True,False,True,False,False,True,True,True,False,False,False,False,False,False,False,False,False,False,False,False,False,False,False,False,False,False,False,False,False,False,False,False,False,False,False,False,False,False,False,False
Barbara Mounts,Computer Science,,False,False,False,False,False,False,False,False,False,False,False,False,False,False,False,False,False,False,False,False,False,False,False,False,False,False,False,False,True,False,True,True,True,True,False,False,False,False,False,False
Robert Demott,Math,,False,False,False,False,False,False,False,False,False,False,False,False,False,False,False,False,False,True,True,False,True,True,False,False,False,True,False,False,False,False,False,False,False,False,False,False,False,False,False,False
Diane Wyant,Environmental Science,,False,False,False,False,False,False,False,False,False,False,False,False,False,False,False,False,False,False,False,False,False,False,False,False,False,False,False,False,False,False,False,False,False,False,True,True,True,True,False,True
Lynn Rodriguez,Biology,,True,False,False,False,True,True,True,True,False,False,False,False,False,False,False,False,False,False,False,False,False,False,False,False,False,False,False,False,False,False,False,False,False,False,False,False,False,False,False,False
Lloyd Doughtry,Computer Science,,False,False,False,False,False,False,False,False,False,False,False,False,False,False,False,False,False,False,False,False,False,False,False,False,False,False,True,True,False,False,True,False,True,True,False,False,False,False,False,False
Charles Schrader,Biology,,False,False,True,False,True,True,True,True,False,False,False,False,False,False,False,False,False,False,False,False,False,False,False,False,False,False,False,False,False,False,False,False,False,False,False,False,False,False,False,False
Sonia Barnett,Biology,,False,True,True,True,False,True,False,True,False,False,False,False,False,False,False,False,False,False,False,False,False,False,False,False,False,False,False,False,False,False,False,False,False,False,False,False,False,False,False,False
Elizabeth Meskill,Biology,,True,False,True,True,True,False,False,True,False,False,False,False,False,False,False,False,False,False,False,False,False,False,False,False,False,False,False,False,False,False,False,False,False,False,False,False,False,False,False,False
Myesha Gant,Computer Science,,False,False,False,False,False,False,False,False,False,False,False,False,False,False,False,False,False,False,False,False,False,False,False,False,False,False,False,True,False,True,True,True,False,True,False,False,False,False,False,False
Emily Chavarria,Biology,,False,True,True,False,True,True,True,False,False,False,False,False,False,False,False,False,False,False,False,False,False,False,False,False,False,False,False,False,False,False,False,False,False,False,False,False,False,False,False,False
Frances Smith,Physics,,False,False,False,False,False,False,False,False,True,False,False,True,False,True,True,False,True,False,False,False,False,False,False,False,False,False,False,False,False,False,False,False,False,False,False,False,False,False,False,False
Carrie Avila,Physics,,False,False,False,False,False,False,False,False,True,True,False,True,False,True,True,False,False,False,False,False,False,False,False,False,False,False,False,False,False,False,False,False,False,False,False,False,False,False,False,False
David Forest,Environmental Science,,False,False,False,False,False,False,False,False,False,False,False,False,False,False,False,False,False,False,False,False,False,False,False,False,False,False,False,False,False,False,False,False,False,False,True,True,False,True,True,True
Anita Hoener,Computer Science,,False,False,False,False,False,False,False,False,False,False,False,False,False,False,False,False,False,False,False,False,False,False,False,False,False,False,False,True,True,False,False,True,True,True,False,False,False,False,False,False
Tammy Waite,Environmental Science,,False,False,False,False,False,False,False,False,False,False,False,False,False,False,False,False,False,False,False,False,False,False,False,False,False,False,False,False,False,False,False,False,False,False,True,True,True,True,False,True
Helen Burcham,Environmental Science,,False,False,False,False,False,False,False,False,False,False,False,False,False,False,False,False,False,False,False,False,False,False,False,False,False,False,False,False,False,False,False,False,False,False,True,True,False,True,True,True
Charlie Petrich,Computer Science,,False,False,False,False,False,False,False,False,False,False,False,False,False,False,False,False,False,False,False,False,False,False,False,False,False,False,True,True,True,True,False,False,False,True,False,False,False,False,False,False
Dennis Dupuis,Biology,,True,True,False,True,False,True,True,False,False,False,False,False,False,False,False,False,False,False,False,False,False,False,False,False,False,False,False,False,False,False,False,False,False,False,False,False,False,False,False,False
Diane Mosby,Environmental Science,,False,False,False,False,False,False,False,False,False,False,False,False,False,False,False,False,False,False,False,False,False,False,False,False,False,False,False,False,False,False,False,False,False,False,True,True,False,True,True,True
Pamela Thomas,Math,,False,False,False,False,False,False,False,False,False,False,False,False,False,False,False,False,False,True,True,True,False,False,True,True,False,False,False,False,False,False,False,False,False,False,False,False,False,False,False,False
Susan Jones,Biology,,True,True,True,True,False,True,False,False,False,False,False,False,False,False,False,False,False,False,False,False,False,False,False,False,False,False,False,False,False,False,False,False,False,False,False,False,False,False,False,False
Amparo Duncan,Math,,False,False,False,False,False,False,False,False,False,False,False,False,False,False,False,False,False,True,False,True,True,True,False,False,False,True,False,False,False,False,False,False,False,False,False,False,False,False,False,False
Mary Wealer,Computer Science,,False,False,False,False,False,False,False,False,False,False,False,False,False,False,False,False,False,False,False,False,False,False,False,False,False,False,True,False,True,True,True,True,False,False,False,False,False,False,False,False
William Solis,Biology,,False,False,True,False,True,True,True,True,False,False,False,False,False,False,False,False,False,False,False,False,False,False,False,False,False,False,False,False,False,False,False,False,False,False,False,False,False,False,False,False
Chad Anderson,Computer Science,,False,False,False,False,False,False,False,False,False,False,False,False,False,False,False,False,False,False,False,False,False,False,False,False,False,False,True,False,True,True,True,True,False,False,False,False,False,False,False,False
Mabel Wright,Computer Science,,False,False,False,False,False,False,False,False,False,False,False,False,False,False,False,False,False,False,False,False,False,False,False,False,False,False,False,True,True,False,True,True,False,True,False,False,False,False,False,False
Edward Flores,Biology,,True,True,False,False,True,False,True,True,False,False,False,False,False,False,False,False,False,False,False,False,False,False,False,False,False,False,False,False,False,False,False,False,False,False,False,False,False,False,False,False
Amy Hough,Physics,,False,False,False,False,False,False,False,False,True,False,True,True,True,False,True,False,False,False,False,False,False,False,False,False,False,False,False,False,False,False,False,False,False,False,False,False,False,False,False,False
Stephen Barron,Biology,,True,False,True,False,True,False,True,True,False,False,False,False,False,False,False,False,False,False,False,False,False,False,False,False,False,False,False,False,False,False,False,False,False,False,False,False,False,False,False,False
Vicente Resto,Biology,,False,True,True,False,False,True,True,True,False,False,False,False,False,False,False,False,False,False,False,False,False,False,False,False,False,False,False,False,False,False,False,False,False,False,False,False,False,False,False,False
Aaron King,Biology,Math,False,False,False,True,False,True,True,False,False,False,False,False,False,False,False,False,False,False,False,True,False,False,False,False,True,False,False,False,False,False,False,False,False,False,False,False,False,False,False,False
James Schmucker,Biology,,True,False,True,False,True,True,True,False,False,False,False,False,False,False,False,False,False,False,False,False,False,False,False,False,False,False,False,False,False,False,False,False,False,False,False,False,False,False,False,False
Armando Gulledge,Biology,Math,False,False,True,False,False,True,False,True,False,False,False,False,False,False,False,False,False,False,False,True,False,True,False,False,False,False,False,False,False,False,False,False,False,False,False,False,False,False,False,False
Paul Colon,Physics,Computer Science,False,False,False,False,False,False,False,False,False,True,False,False,False,True,False,False,True,False,False,False,False,False,False,False,False,False,True,True,False,False,False,False,False,False,False,False,False,False,False,False
Albert Feliciano,Biology,,True,True,True,False,False,True,False,True,False,False,False,False,False,False,False,False,False,False,False,False,False,False,False,False,False,False,False,False,False,False,False,False,False,False,False,False,False,False,False,False
Connie Porter,Computer Science,,False,False,False,False,False,False,False,False,False,False,False,False,False,False,False,False,False,False,False,False,False,False,False,False,False,False,True,True,False,False,True,True,True,False,False,False,False,False,False,False
Janet Sawyer,Computer Science,,False,False,False,False,False,False,False,False,False,False,False,False,False,False,False,False,False,False,False,False,False,False,False,False,False,False,True,False,False,True,True,True,False,True,False,False,False,False,False,False
Katrina Scott,Computer Science,Biology,False,False,False,False,False,True,False,True,False,False,False,False,False,False,False,False,False,False,False,False,False,False,False,False,False,False,False,False,True,False,False,True,True,False,False,False,False,False,False,False
Raymond Gama,Environmental Science,,False,False,False,False,False,False,False,False,False,False,False,False,False,False,False,False,False,False,False,False,False,False,False,False,False,False,False,False,False,False,False,False,False,False,True,True,True,True,False,True
Erin Cole,Biology,Computer Science,False,False,False,False,True,True,True,False,False,False,False,False,False,False,False,False,False,False,False,False,False,False,False,False,False,False,False,False,False,True,False,False,False,True,False,False,False,False,False,False
Billy Ulrich,Computer Science,,False,False,False,False,False,False,False,False,False,False,False,False,False,False,False,False,False,False,False,False,False,False,False,False,False,False,True,False,False,False,True,True,True,True,False,False,False,False,False,False
Brian Gutierrez,Biology,,True,False,True,True,True,False,False,True,False,False,False,False,False,False,False,False,False,False,False,False,False,False,False,False,False,False,False,False,False,False,False,False,False,False,False,False,False,False,False,False
Ronnie Atwell,Math,Biology,True,False,False,False,False,False,False,True,False,False,False,False,False,False,False,False,False,False,False,False,True,False,False,False,True,True,False,False,False,False,False,False,False,False,False,False,False,False,False,False
Robert Handley,Computer Science,,False,False,False,False,False,False,False,False,False,False,False,False,False,False,False,False,False,False,False,False,False,False,False,False,False,False,False,True,True,True,False,False,True,True,False,False,False,False,False,False
Crystal Morris,Computer Science,,False,False,False,False,False,False,False,False,False,False,False,False,False,False,False,False,False,False,False,False,False,False,False,False,False,False,False,False,False,True,True,True,True,True,False,False,False,False,False,False
Mary Okeefe,Environmental Science,,False,False,False,False,False,False,False,False,False,False,False,False,False,False,False,False,False,False,False,False,False,False,False,False,False,False,False,False,False,False,False,False,False,False,True,True,True,True,True,False
Deborah Robinson,Computer Science,,False,False,False,False,False,False,False,False,False,False,False,False,False,False,False,False,False,False,False,False,False,False,False,False,False,False,False,True,False,True,True,False,True,True,False,False,False,False,False,False
Barry Parsons,Environmental Science,Computer Science,False,False,False,False,False,False,False,False,False,False,False,False,False,False,False,False,False,False,False,False,False,False,False,False,False,False,False,True,False,True,False,False,False,False,True,False,True,True,False,False
Sally Arevalo,Physics,,False,False,False,False,False,False,False,False,True,True,False,False,True,False,True,False,True,False,False,False,False,False,False,False,False,False,False,False,False,False,False,False,False,False,False,False,False,False,False,False
Roger Vannote,Environmental Science,,False,False,False,False,False,False,False,False,False,False,False,False,False,False,False,False,False,False,False,False,False,False,False,False,False,False,False,False,False,False,False,False,False,False,True,True,True,True,False,True
Anna Tignor,Biology,,True,True,False,True,True,False,True,False,False,False,False,False,False,False,False,False,False,False,False,False,False,False,False,False,False,False,False,False,False,False,False,False,False,False,False,False,False,False,False,False
Annie Gonzalez,Computer Science,,False,False,False,False,False,False,False,False,False,False,False,False,False,False,False,False,False,False,False,False,False,False,False,False,False,False,True,False,True,True,True,False,True,False,False,False,False,False,False,False
Alfred Clacher,Environmental Science,,False,False,False,False,False,False,False,False,False,False,False,False,False,False,False,False,False,False,False,False,False,False,False,False,False,False,False,False,False,False,False,False,False,False,False,True,True,True,True,True
Shawn Smith,Biology,Math,True,True,False,False,True,False,False,False,False,False,False,False,False,False,False,False,False,False,False,False,True,True,False,False,False,False,False,False,False,False,False,False,False,False,False,False,False,False,False,False
Richard Davenport,Math,,False,False,False,False,False,False,False,False,False,False,False,False,False,False,False,False,False,True,True,True,True,False,False,True,False,False,False,False,False,False,False,False,False,False,False,False,False,False,False,False
Cynthia Martinez,Physics,,False,False,False,False,False,False,False,False,True,False,True,True,True,True,False,False,False,False,False,False,False,False,False,False,False,False,False,False,False,False,False,False,False,False,False,False,False,False,False,False
Soraya Bannister,Computer Science,,False,False,False,False,False,False,False,False,False,False,False,False,False,False,False,False,False,False,False,False,False,False,False,False,False,False,True,True,False,False,True,True,True,False,False,False,False,False,False,False
Amy Hedgecock,Physics,,False,False,False,False,False,False,False,False,False,True,True,False,True,True,True,False,False,False,False,False,False,False,False,False,False,False,False,False,False,False,False,False,False,False,False,False,False,False,False,False
Daniel Giusti,Environmental Science,,False,False,False,False,False,False,False,False,False,False,False,False,False,False,False,False,False,False,False,False,False,False,False,False,False,False,False,False,False,False,False,False,False,False,True,True,True,True,True,False
John Fulton,Biology,,True,False,False,True,False,True,True,True,False,False,False,False,False,False,False,False,False,False,False,False,False,False,False,False,False,False,False,False,False,False,False,False,False,False,False,False,False,False,False,False
Mary Martinez,Biology,,True,True,False,True,False,False,True,True,False,False,False,False,False,False,False,False,False,False,False,False,False,False,False,False,False,False,False,False,False,False,False,False,False,False,False,False,False,False,False,False
David Lester,Biology,,True,True,True,True,False,True,False,False,False,False,False,False,False,False,False,False,False,False,False,False,False,False,False,False,False,False,False,False,False,False,False,False,False,False,False,False,False,False,False,False
Christopher Weimer,Computer Science,,False,False,False,False,False,False,False,False,False,False,False,False,False,False,False,False,False,False,False,False,False,False,False,False,False,False,True,False,True,False,True,False,True,True,False,False,False,False,False,False
William Leab,Biology,Math,False,True,True,False,False,False,True,False,False,False,False,False,False,False,False,False,False,True,True,False,False,False,False,False,False,False,False,False,False,False,False,False,False,False,False,False,False,False,False,False
Peter Moran,Environmental Science,Computer Science,False,False,False,False,False,False,False,False,False,False,False,False,False,False,False,False,False,False,False,False,False,False,False,False,False,False,True,False,False,True,False,False,False,False,False,True,True,True,False,False
Minerva Evans,Biology,Computer Science,True,False,False,True,True,False,False,False,False,False,False,False,False,False,False,False,False,False,False,False,False,False,False,False,False,False,False,False,False,True,False,True,False,False,False,False,False,False,False,False
Larry Unga,Math,,False,False,False,False,False,False,False,False,False,False,False,False,False,False,False,False,False,True,False,False,False,True,True,False,True,True,False,False,False,False,False,False,False,False,False,False,False,False,False,False
Christine Lee,Computer Science,,False,False,False,False,False,False,False,False,False,False,False,False,False,False,False,False,False,False,False,False,False,False,False,False,False,False,True,False,True,True,False,True,False,True,False,False,False,False,False,False
Bonita Senay,Physics,,False,False,False,False,False,False,False,False,True,True,False,False,False,False,True,True,True,False,False,False,False,False,False,False,False,False,False,False,False,False,False,False,False,False,False,False,False,False,False,False
